class,recall_CV_estimated,keep_rate,recall_on_kept_CV_estimated
arbitration,0.9333333333333332,0.6444444444444444,1.0
choice of law,0.9523809523809524,0.6904761904761906,1.0
content removal,0.8666666666666667,0.4000000000000001,1.0
contract by using,0.8947368421052632,0.5964912280701754,0.9855072463768115
jurisdiction,1.0,0.8020833333333334,1.0
limitation of liability,0.9183673469387754,0.5272108843537414,0.9935897435897436
other,0.7374059061957151,0.34501061571125263,0.908167955318672
unilateral change,0.8050314465408807,0.5220125786163522,0.9292803970223326
unilateral termination,0.8999999999999999,0.5714285714285714,0.9835365853658536
