task,model_key,item_idx,text_sha256,gold,raw_output,pred,parse_ok,in_tokens,out_tokens,cached_tokens,cost_usd,latency_s,ts
opp115_data_retention,kimi-k2.6-fireworks,1,ca069ace0fea7074fac7e44b33121935734dd94f589cc9069a738b5884a0f116,no,No,no,1,509,256,0,0.0015075500,2.092,2026-09-11T21:20:16+00:00
opp115_data_retention,kimi-k2.6-fireworks,3,ee7f763b4da0bbf780148ff43363b2a907297b4f98c76d7c1e1d2869878a70f8,yes,No,no,1,479,425,0,0.0021550500,3.235,2026-09-11T21:20:17+00:00
opp115_data_retention,kimi-k2.6-fireworks,4,be54e70c44eb94e44c82413eb316abd303bc0920653e459cc81b65dc610c2c47,yes,No,no,1,446,178,0,0.0011357000,1.577,2026-09-11T21:20:17+00:00
opp115_data_retention,kimi-k2.6-fireworks,6,ffcbe512035ce904259b64a9212131a8ddb5ef6916eb7f217c64a5658bd672fd,yes,Yes,yes,1,407,100,0,0.0007866500,1.558,2026-09-11T21:20:19+00:00
opp115_data_retention,kimi-k2.6-fireworks,2,94284e1d7b10fa6117e24745885f4a5c871d995ca98a16179c63cacb7e9c8618,no,No,no,1,538,723,0,0.0034031000,5.881,2026-09-11T21:20:20+00:00
opp115_data_retention,kimi-k2.6-fireworks,8,11dbaf4848acf49d21fffc81b9b0ac39e736808cb102bd24ec485e1c9793ead1,no,No,no,1,414,131,0,0.0009173000,1.134,2026-09-11T21:20:21+00:00
opp115_data_retention,kimi-k2.6-fireworks,7,9e061b3940805235e0301ddc59cdad769cb39c4672fdac340725b065cca9eb76,no,No,no,1,486,224,0,0.0013577000,1.850,2026-09-11T21:20:21+00:00
opp115_data_retention,kimi-k2.6-fireworks,5,bae4eb887d877f453aee88d3761b630e4bc7ff917be76cb60950cca3ae6c909d,yes,Yes,yes,1,498,2578,0,0.0107851000,26.448,2026-09-11T21:20:43+00:00
opp115_data_retention,kimi-k2.6-fireworks,9,b35466aaf2aa88600ce3febc4691f6c33a5a185d118a53da03fd134b474427c7,yes,No,no,1,460,3083,366,0.0124798600,40.999,2026-09-11T21:21:02+00:00
opp115_data_retention,kimi-k2.6-fireworks,0,e783d6e5426c4d132ca1198992b63a2b77013808d63e267b499744a4c5d1b11b,yes,,,0,511,4096,0,0.0168694500,51.379,2026-09-11T21:21:05+00:00
